{"cameraMode":{"drawMode":0,"name":"Shaded","section":"Shading Mode"},"sceneLighting":false,"audioPlay":false,"sceneViewState":{"showFog":true,"showMaterialUpdate":false,"showSkybox":false,"showFlares":true,"showImageEffects":true,"showParticleSystems":true},"in2DMode":false,"pivot":{"x":323.4635314941406,"y":-68.47672271728516,"z":386.1761474609375},"rotation":{"x":0.057277627289295199,"y":0.009924962185323239,"z":-0.0005648790975101292,"w":0.9983423352241516},"size":1552.1500244140625,"orthographic":false}