{"cameraMode":{"drawMode":0,"name":"Shaded","section":"Shading Mode"},"sceneLighting":true,"audioPlay":false,"sceneViewState":{"showFog":true,"showMaterialUpdate":false,"showSkybox":true,"showFlares":true,"showImageEffects":true,"showParticleSystems":true},"in2DMode":false,"pivot":{"x":446.728759765625,"y":127.92213439941406,"z":20.645687103271486},"rotation":{"x":0.03479591757059097,"y":-0.021544799208641053,"z":0.0007551786256954074,"w":0.9991951584815979},"size":379.95147705078127,"orthographic":false}