{"cameraMode":{"drawMode":0,"name":"Shaded","section":"Shading Mode"},"sceneLighting":true,"audioPlay":false,"sceneViewState":{"showFog":true,"showMaterialUpdate":false,"showSkybox":true,"showFlares":true,"showImageEffects":true,"showParticleSystems":true},"in2DMode":false,"pivot":{"x":980.3291625976563,"y":323.0972900390625,"z":-121.41607666015625},"rotation":{"x":0.03779064863920212,"y":0.027608444914221765,"z":-0.000948672357480973,"w":0.9989569187164307},"size":577.798095703125,"orthographic":false}