{"cameraMode":{"drawMode":0,"name":"Shaded","section":"Shading Mode"},"sceneLighting":true,"audioPlay":false,"sceneViewState":{"showFog":true,"showMaterialUpdate":false,"showSkybox":true,"showFlares":true,"showImageEffects":true,"showParticleSystems":true},"in2DMode":false,"pivot":{"x":132.3904266357422,"y":-284.4674377441406,"z":2.6470680236816408},"rotation":{"x":-0.022424569353461267,"y":-0.6171574592590332,"z":0.017578845843672754,"w":-0.7863561511039734},"size":52.74862289428711,"orthographic":false}