{"cameraMode":{"drawMode":0,"name":"Shaded","section":"Shading Mode"},"sceneLighting":true,"audioPlay":false,"sceneViewState":{"showFog":true,"showMaterialUpdate":false,"showSkybox":true,"showFlares":true,"showImageEffects":true,"showParticleSystems":true},"in2DMode":false,"pivot":{"x":124.25942993164063,"y":-286.48779296875,"z":26.987855911254884},"rotation":{"x":-0.07497631013393402,"y":-0.4517171382904053,"z":0.03835323452949524,"w":-0.8882525563240051},"size":99.00391387939453,"orthographic":false}