{"cameraMode":{"drawMode":0,"name":"Shaded","section":"Shading Mode"},"sceneLighting":true,"audioPlay":false,"sceneViewState":{"showFog":true,"showMaterialUpdate":false,"showSkybox":true,"showFlares":true,"showImageEffects":true,"showParticleSystems":true},"in2DMode":false,"pivot":{"x":39.43191909790039,"y":-278.297119140625,"z":-23.011016845703126},"rotation":{"x":-0.2689012885093689,"y":0.30879902839660647,"z":-0.0914771631360054,"w":-0.9077271819114685},"size":48.101234436035159,"orthographic":false}