{"cameraMode":{"drawMode":0,"name":"Shaded","section":"Shading Mode"},"sceneLighting":false,"audioPlay":false,"sceneViewState":{"showFog":true,"showMaterialUpdate":false,"showSkybox":false,"showFlares":true,"showImageEffects":true,"showParticleSystems":true},"in2DMode":false,"pivot":{"x":-235.80514526367188,"y":47.51173400878906,"z":774.28955078125},"rotation":{"x":0.057277627289295199,"y":0.009924962185323239,"z":-0.0005648790975101292,"w":0.9983423352241516},"size":1155.0909423828125,"orthographic":false}