{"cameraMode":{"drawMode":0,"name":"Shaded","section":"Shading Mode"},"sceneLighting":true,"audioPlay":false,"sceneViewState":{"showFog":true,"showMaterialUpdate":false,"showSkybox":true,"showFlares":true,"showImageEffects":true,"showParticleSystems":true},"in2DMode":false,"pivot":{"x":397.7011413574219,"y":204.66294860839845,"z":1181.7293701171875},"rotation":{"x":-0.05276472494006157,"y":0.029604166746139528,"z":-0.0015577311860397459,"w":-0.9982014298439026},"size":1827.5791015625,"orthographic":false}