{"cameraMode":{"drawMode":0,"name":"Shaded","section":"Shading Mode"},"sceneLighting":true,"audioPlay":false,"sceneViewState":{"showFog":true,"showMaterialUpdate":false,"showSkybox":true,"showFlares":true,"showImageEffects":true,"showParticleSystems":true},"in2DMode":false,"pivot":{"x":-18.652484893798829,"y":-77.76909637451172,"z":-94.8490982055664},"rotation":{"x":0.02244192361831665,"y":-0.9459879994392395,"z":0.3164427876472473,"w":0.06707924604415894},"size":139.95620727539063,"orthographic":false}